{
"Profiles": [
{
  "Ansi 3 Color" : {
    "Green Component" : 0.686274528503418,
    "Red Component" : 0.843137264251709,
    "Blue Component" : 0.529411792755127
  },
  "Tags" : [

  ],
  "Ansi 12 Color" : {
    "Green Component" : 0.7411764860153198,
    "Red Component" : 0.6313725709915161,
    "Blue Component" : 0.8078431487083435
  },
  "Ansi 7 Color" : {
    "Green Component" : 0.8156862854957581,
    "Red Component" : 0.8156862854957581,
    "Blue Component" : 0.8156862854957581
  },
  "Ansi 8 Color" : {
    "Green Component" : 0.2823529541492462,
    "Red Component" : 0.2901960909366608,
    "Blue Component" : 0.2705882489681244
  },
  "Bold Color" : {
    "Green Component" : 0.8991935253143311,
    "Red Component" : 0.8991935253143311,
    "Blue Component" : 0.8991935253143311
  },
  "Ansi 9 Color" : {
    "Green Component" : 0.529411792755127,
    "Red Component" : 0.843137264251709,
    "Blue Component" : 0.529411792755127
  },
  "Ansi 4 Color" : {
    "Green Component" : 0.6470588445663452,
    "Red Component" : 0.4980392158031464,
    "Blue Component" : 0.7411764860153198
  },
  "Ansi 5 Color" : {
    "Green Component" : 0.6196078658103943,
    "Red Component" : 0.7803921699523926,
    "Blue Component" : 0.7686274647712708
  },
  "Rows" : 25,
  "Default Bookmark" : "No",
  "Cursor Guide Color" : {
    "Red Component" : 0.7021318674087524,
    "Color Space" : "sRGB",
    "Blue Component" : 1,
    "Alpha Component" : 0.25,
    "Green Component" : 0.9268307089805603
  },
  "Non-ASCII Anti Aliased" : true,
  "Use Bright Bold" : true,
  "Ansi 10 Color" : {
    "Green Component" : 0.7450980544090271,
    "Red Component" : 0.686274528503418,
    "Blue Component" : 0.6352941393852234
  },
  "Ambiguous Double Width" : false,
  "Jobs to Ignore" : [
    "rlogin",
    "ssh",
    "slogin",
    "telnet"
  ],
  "Ansi 15 Color" : {
    "Green Component" : 0.9372549057006836,
    "Red Component" : 0.9372549057006836,
    "Blue Component" : 0.9372549057006836
  },
  "Foreground Color" : {
    "Green Component" : 0.8156862854957581,
    "Red Component" : 0.8156862854957581,
    "Blue Component" : 0.8156862854957581
  },
  "Bound Hosts" : [

  ],
  "Working Directory" : "\/Users\/ruiqi.wang",
  "Blinking Cursor" : false,
  "Disable Window Resizing" : true,
  "Sync Title" : false,
  "Prompt Before Closing 2" : false,
  "BM Growl" : true,
  "Command" : "\/usr\/local\/bin\/zsh",
  "Description" : "Default",
  "Space" : 0,
  "Mouse Reporting" : true,
  "Screen" : -1,
  "Selection Color" : {
    "Green Component" : 0.3024193644523621,
    "Red Component" : 0.3024193644523621,
    "Blue Component" : 0.3024193644523621
  },
  "Columns" : 80,
  "Idle Code" : 0,
  "Ansi 13 Color" : {
    "Green Component" : 0.7450980544090271,
    "Red Component" : 0.843137264251709,
    "Blue Component" : 0.8549019694328308
  },
  "Custom Command" : "Yes",
  "ASCII Anti Aliased" : true,
  "Non Ascii Font" : "Monaco 12",
  "Vertical Spacing" : 1,
  "Use Bold Font" : true,
  "Option Key Sends" : 0,
  "Selected Text Color" : {
    "Green Component" : 1,
    "Red Component" : 1,
    "Blue Component" : 1
  },
  "Background Color" : {
    "Green Component" : 0.1098039224743843,
    "Red Component" : 0.1098039224743843,
    "Blue Component" : 0.1098039224743843
  },
  "Character Encoding" : 4,
  "Ansi 11 Color" : {
    "Green Component" : 0.7882353067398071,
    "Red Component" : 0.8941176533699036,
    "Blue Component" : 0.686274528503418
  },
  "Use Italic Font" : true,
  "Unlimited Scrollback" : false,
  "Keyboard Map" : {
    "0xf700-0x260000" : {
      "Text" : "[1;6A",
      "Action" : 10
    },
    "0x37-0x40000" : {
      "Text" : "0x1f",
      "Action" : 11
    },
    "0x32-0x40000" : {
      "Text" : "0x00",
      "Action" : 11
    },
    "0xf709-0x20000" : {
      "Text" : "[17;2~",
      "Action" : 10
    },
    "0xf70c-0x20000" : {
      "Text" : "[20;2~",
      "Action" : 10
    },
    "0xf729-0x20000" : {
      "Text" : "[1;2H",
      "Action" : 10
    },
    "0xf72b-0x40000" : {
      "Text" : "[1;5F",
      "Action" : 10
    },
    "0xf705-0x20000" : {
      "Text" : "[1;2Q",
      "Action" : 10
    },
    "0xf703-0x260000" : {
      "Text" : "[1;6C",
      "Action" : 10
    },
    "0xf700-0x220000" : {
      "Text" : "[1;2A",
      "Action" : 10
    },
    "0xf701-0x280000" : {
      "Text" : "0x1b 0x1b 0x5b 0x42",
      "Action" : 11
    },
    "0x38-0x40000" : {
      "Text" : "0x7f",
      "Action" : 11
    },
    "0x33-0x40000" : {
      "Text" : "0x1b",
      "Action" : 11
    },
    "0xf703-0x220000" : {
      "Text" : "[1;2C",
      "Action" : 10
    },
    "0xf701-0x240000" : {
      "Text" : "[1;5B",
      "Action" : 10
    },
    "0xf70d-0x20000" : {
      "Text" : "[21;2~",
      "Action" : 10
    },
    "0xf702-0x260000" : {
      "Text" : "[1;6D",
      "Action" : 10
    },
    "0xf729-0x40000" : {
      "Text" : "[1;5H",
      "Action" : 10
    },
    "0xf706-0x20000" : {
      "Text" : "[1;2R",
      "Action" : 10
    },
    "0x34-0x40000" : {
      "Text" : "0x1c",
      "Action" : 11
    },
    "0xf700-0x280000" : {
      "Text" : "0x1b 0x1b 0x5b 0x41",
      "Action" : 11
    },
    "0x2d-0x40000" : {
      "Text" : "0x1f",
      "Action" : 11
    },
    "0xf70e-0x20000" : {
      "Text" : "[23;2~",
      "Action" : 10
    },
    "0xf702-0x220000" : {
      "Text" : "[1;2D",
      "Action" : 10
    },
    "0xf703-0x280000" : {
      "Text" : "0x1b 0x1b 0x5b 0x43",
      "Action" : 11
    },
    "0xf700-0x240000" : {
      "Text" : "[1;5A",
      "Action" : 10
    },
    "0xf707-0x20000" : {
      "Text" : "[1;2S",
      "Action" : 10
    },
    "0xf70a-0x20000" : {
      "Text" : "[18;2~",
      "Action" : 10
    },
    "0x35-0x40000" : {
      "Text" : "0x1d",
      "Action" : 11
    },
    "0xf70f-0x20000" : {
      "Text" : "[24;2~",
      "Action" : 10
    },
    "0xf703-0x240000" : {
      "Text" : "[1;5C",
      "Action" : 10
    },
    "0xf701-0x260000" : {
      "Text" : "[1;6B",
      "Action" : 10
    },
    "0xf702-0x280000" : {
      "Text" : "0x1b 0x1b 0x5b 0x44",
      "Action" : 11
    },
    "0xf72b-0x20000" : {
      "Text" : "[1;2F",
      "Action" : 10
    },
    "0x36-0x40000" : {
      "Text" : "0x1e",
      "Action" : 11
    },
    "0xf708-0x20000" : {
      "Text" : "[15;2~",
      "Action" : 10
    },
    "0xf701-0x220000" : {
      "Text" : "[1;2B",
      "Action" : 10
    },
    "0xf70b-0x20000" : {
      "Text" : "[19;2~",
      "Action" : 10
    },
    "0xf702-0x240000" : {
      "Text" : "[1;5D",
      "Action" : 10
    },
    "0xf704-0x20000" : {
      "Text" : "[1;2P",
      "Action" : 10
    }
  },
  "Window Type" : 8,
  "Background Image Location" : "",
  "Blur" : false,
  "Badge Color" : {
    "Red Component" : 1,
    "Color Space" : "sRGB",
    "Blue Component" : 0,
    "Alpha Component" : 0.5,
    "Green Component" : 0.1491314172744751
  },
  "Scrollback Lines" : 1500,
  "Send Code When Idle" : false,
  "Close Sessions On End" : true,
  "Terminal Type" : "xterm-256color",
  "Visual Bell" : true,
  "Flashing Bell" : false,
  "Silence Bell" : false,
  "Ansi 14 Color" : {
    "Green Component" : 0.9058823585510254,
    "Red Component" : 0.6941176652908325,
    "Blue Component" : 0.8666666746139526
  },
  "Name" : "Default",
  "Cursor Text Color" : {
    "Green Component" : 0,
    "Red Component" : 0,
    "Blue Component" : 0
  },
  "Shortcut" : "",
  "Cursor Color" : {
    "Green Component" : 0.7865433692932129,
    "Red Component" : 0.8926511406898499,
    "Blue Component" : 0.6852307915687561
  },
  "Ansi 0 Color" : {
    "Green Component" : 0.1803921610116959,
    "Red Component" : 0.1843137294054031,
    "Blue Component" : 0.1764705926179886
  },
  "Guid" : "F037BD78-75C2-4EE8-BC1D-06CC7FFC1ADA",
  "Ansi 2 Color" : {
    "Green Component" : 0.6470588445663452,
    "Red Component" : 0.5647059082984924,
    "Blue Component" : 0.4901960790157318
  },
  "Transparency" : 0,